season,metric,baseline,events,baseline_value,v6_value
2024,q2_overlap,course_rolling_ols,15,0.8133333333333336,0.8711111111111113
2024,q3_overlap,course_rolling_ols,15,0.74,0.7933333333333333
2024,top3_overlap,course_rolling_ols,15,0.5111111111111112,0.5555555555555556
2024,pole_overlap,course_rolling_ols,15,0.26666666666666666,0.4666666666666667
2024,rank_mae,course_rolling_ols,15,3.546666666666667,2.9066666666666667
2026,q2_overlap,course_rolling_ols,8,0.9140625,0.9453125
2026,q3_overlap,course_rolling_ols,8,0.8875,0.875
2026,top3_overlap,course_rolling_ols,8,0.5833333333333333,0.49999999999999994
2026,pole_overlap,course_rolling_ols,8,0.375,0.25
2026,rank_mae,course_rolling_ols,8,2.0113636363636362,1.8295454545454544
2024,q2_overlap,practice_time,15,0.817777777777778,0.8711111111111113
2024,q3_overlap,practice_time,15,0.72,0.7933333333333333
2024,top3_overlap,practice_time,15,0.48888888888888893,0.5555555555555556
2024,pole_overlap,practice_time,15,0.4,0.4666666666666667
2024,rank_mae,practice_time,15,3.9999999999999996,2.9066666666666667
2026,q2_overlap,practice_time,8,0.9140625,0.9453125
2026,q3_overlap,practice_time,8,0.825,0.875
2026,top3_overlap,practice_time,8,0.6666666666666666,0.49999999999999994
2026,pole_overlap,practice_time,8,0.125,0.25
2026,rank_mae,practice_time,8,2.4431818181818183,1.8295454545454544
