period,metric,baseline,events,slots,baseline_hits,m1r1_hits,baseline_value,m1r1_value
2016,q2_overlap,course_rolling_ols,9,144.0,129.0,134.0,0.8958333333333334,0.9305555555555556
2016,q3_overlap,course_rolling_ols,9,90.0,76.0,76.0,0.8444444444444446,0.8444444444444446
2016,top3_overlap,course_rolling_ols,9,27.0,19.0,17.0,0.7037037037037037,0.6296296296296297
2016,pole_overlap,course_rolling_ols,9,9.0,4.0,6.0,0.4444444444444444,0.6666666666666666
2016,rank_mae,course_rolling_ols,9,,,,2.5757575757575757,2.2626262626262625
2017,q2_overlap,course_rolling_ols,10,150.0,136.0,140.0,0.9066666666666666,0.9333333333333333
2017,q3_overlap,course_rolling_ols,10,100.0,75.0,86.0,0.75,0.86
2017,top3_overlap,course_rolling_ols,9,27.0,20.0,20.0,0.7407407407407407,0.7407407407407408
2017,pole_overlap,course_rolling_ols,9,9.0,4.0,3.0,0.4444444444444444,0.3333333333333333
2017,rank_mae,course_rolling_ols,9,,,,2.622222222222222,1.8666666666666663
2018,q2_overlap,course_rolling_ols,13,195.0,171.0,177.0,0.8769230769230771,0.9076923076923078
2018,q3_overlap,course_rolling_ols,13,130.0,103.0,108.0,0.7923076923076923,0.8307692307692308
2018,top3_overlap,course_rolling_ols,13,39.0,26.0,31.0,0.6666666666666666,0.7948717948717948
2018,pole_overlap,course_rolling_ols,13,13.0,4.0,7.0,0.3076923076923077,0.5384615384615384
2018,rank_mae,course_rolling_ols,13,,,,2.8461538461538463,2.3538461538461535
2019,q2_overlap,course_rolling_ols,9,135.0,118.0,126.0,0.8740740740740741,0.9333333333333333
2019,q3_overlap,course_rolling_ols,9,90.0,70.0,78.0,0.7777777777777778,0.8666666666666667
2019,top3_overlap,course_rolling_ols,9,27.0,19.0,20.0,0.7037037037037037,0.7407407407407408
2019,pole_overlap,course_rolling_ols,9,9.0,1.0,3.0,0.1111111111111111,0.3333333333333333
2019,rank_mae,course_rolling_ols,9,,,,2.6444444444444444,1.9000000000000001
2020,q2_overlap,course_rolling_ols,11,165.0,147.0,154.0,0.890909090909091,0.9333333333333335
2020,q3_overlap,course_rolling_ols,11,110.0,82.0,90.0,0.7454545454545454,0.818181818181818
2020,top3_overlap,course_rolling_ols,11,33.0,22.0,29.0,0.6666666666666667,0.8787878787878788
2020,pole_overlap,course_rolling_ols,11,11.0,3.0,8.0,0.2727272727272727,0.7272727272727273
2020,rank_mae,course_rolling_ols,11,,,,3.3272727272727276,2.063636363636364
2021,q2_overlap,course_rolling_ols,13,195.0,179.0,178.0,0.9179487179487181,0.9128205128205129
2021,q3_overlap,course_rolling_ols,13,130.0,98.0,106.0,0.7538461538461537,0.8153846153846155
2021,top3_overlap,course_rolling_ols,13,39.0,26.0,31.0,0.6666666666666666,0.7948717948717949
2021,pole_overlap,course_rolling_ols,13,13.0,6.0,6.0,0.46153846153846156,0.46153846153846156
2021,rank_mae,course_rolling_ols,13,,,,2.5615384615384618,2.376923076923077
2022,q2_overlap,course_rolling_ols,17,255.0,214.0,220.0,0.8392156862745099,0.8627450980392157
2022,q3_overlap,course_rolling_ols,17,170.0,129.0,139.0,0.7588235294117647,0.8176470588235294
2022,top3_overlap,course_rolling_ols,17,51.0,37.0,40.0,0.7254901960784313,0.784313725490196
2022,pole_overlap,course_rolling_ols,17,17.0,8.0,7.0,0.47058823529411764,0.4117647058823529
2022,rank_mae,course_rolling_ols,17,,,,3.152941176470588,2.7588235294117647
2023,q2_overlap,course_rolling_ols,12,180.0,148.0,155.0,0.8222222222222223,0.8611111111111113
2023,q3_overlap,course_rolling_ols,12,120.0,87.0,87.0,0.7250000000000001,0.725
2023,top3_overlap,course_rolling_ols,12,36.0,18.0,21.0,0.49999999999999994,0.5833333333333334
2023,pole_overlap,course_rolling_ols,12,12.0,4.0,7.0,0.3333333333333333,0.5833333333333334
2023,rank_mae,course_rolling_ols,12,,,,3.8333333333333335,3.683333333333333
2024,q2_overlap,course_rolling_ols,15,225.0,183.0,195.0,0.8133333333333336,0.8666666666666669
2024,q3_overlap,course_rolling_ols,15,150.0,111.0,118.0,0.74,0.7866666666666667
2024,top3_overlap,course_rolling_ols,15,45.0,23.0,28.0,0.5111111111111112,0.6222222222222221
2024,pole_overlap,course_rolling_ols,15,15.0,4.0,6.0,0.26666666666666666,0.4
2024,rank_mae,course_rolling_ols,15,,,,3.546666666666667,2.94
2025,q2_overlap,course_rolling_ols,13,195.0,161.0,158.0,0.8256410256410256,0.8102564102564104
2025,q3_overlap,course_rolling_ols,13,130.0,101.0,99.0,0.7769230769230769,0.7615384615384614
2025,top3_overlap,course_rolling_ols,13,39.0,28.0,29.0,0.7179487179487178,0.7435897435897435
2025,pole_overlap,course_rolling_ols,13,13.0,2.0,4.0,0.15384615384615385,0.3076923076923077
2025,rank_mae,course_rolling_ols,13,,,,3.253846153846154,3.261538461538462
2026,q2_overlap,course_rolling_ols,8,128.0,117.0,120.0,0.9140625,0.9375
2026,q3_overlap,course_rolling_ols,8,80.0,71.0,71.0,0.8875,0.8875
2026,top3_overlap,course_rolling_ols,8,24.0,14.0,12.0,0.5833333333333333,0.5
2026,pole_overlap,course_rolling_ols,8,8.0,3.0,2.0,0.375,0.25
2026,rank_mae,course_rolling_ols,8,,,,2.0113636363636362,1.7840909090909092
validation_2017_2022,q2_overlap,course_rolling_ols,73,1095.0,965.0,995.0,0.8812785388127855,0.9086757990867579
validation_2017_2022,q3_overlap,course_rolling_ols,73,730.0,557.0,607.0,0.7630136986301369,0.8315068493150685
validation_2017_2022,top3_overlap,course_rolling_ols,72,216.0,150.0,171.0,0.6944444444444444,0.7916666666666666
validation_2017_2022,pole_overlap,course_rolling_ols,72,72.0,26.0,34.0,0.3611111111111111,0.4722222222222222
validation_2017_2022,rank_mae,course_rolling_ols,72,,,,2.8875,2.2916666666666665
seen_2023_2026,q2_overlap,course_rolling_ols,48,728.0,609.0,628.0,0.8356770833333332,0.8618055555555556
seen_2023_2026,q3_overlap,course_rolling_ols,48,480.0,370.0,375.0,0.7708333333333334,0.78125
seen_2023_2026,top3_overlap,course_rolling_ols,48,144.0,83.0,90.0,0.5763888888888888,0.625
seen_2023_2026,pole_overlap,course_rolling_ols,48,48.0,13.0,19.0,0.2708333333333333,0.3958333333333333
seen_2023_2026,rank_mae,course_rolling_ols,48,,,,3.2831439393939394,3.020265151515152
2016,q2_overlap,practice_time,9,144.0,127.0,134.0,0.8819444444444444,0.9305555555555556
2016,q3_overlap,practice_time,9,90.0,72.0,76.0,0.8000000000000002,0.8444444444444446
2016,top3_overlap,practice_time,9,27.0,20.0,17.0,0.7407407407407408,0.6296296296296297
2016,pole_overlap,practice_time,9,9.0,6.0,6.0,0.6666666666666666,0.6666666666666666
2016,rank_mae,practice_time,9,,,,2.888888888888889,2.2626262626262625
2017,q2_overlap,practice_time,10,150.0,137.0,140.0,0.9133333333333333,0.9333333333333333
2017,q3_overlap,practice_time,10,100.0,77.0,86.0,0.7700000000000001,0.86
2017,top3_overlap,practice_time,9,27.0,19.0,20.0,0.7037037037037037,0.7407407407407408
2017,pole_overlap,practice_time,9,9.0,2.0,3.0,0.2222222222222222,0.3333333333333333
2017,rank_mae,practice_time,9,,,,2.6444444444444444,1.8666666666666663
2018,q2_overlap,practice_time,13,195.0,171.0,177.0,0.8769230769230771,0.9076923076923078
2018,q3_overlap,practice_time,13,130.0,98.0,108.0,0.7538461538461539,0.8307692307692308
2018,top3_overlap,practice_time,13,39.0,21.0,31.0,0.5384615384615384,0.7948717948717948
2018,pole_overlap,practice_time,13,13.0,2.0,7.0,0.15384615384615385,0.5384615384615384
2018,rank_mae,practice_time,13,,,,3.2384615384615385,2.3538461538461535
2019,q2_overlap,practice_time,9,135.0,120.0,126.0,0.8888888888888888,0.9333333333333333
2019,q3_overlap,practice_time,9,90.0,68.0,78.0,0.7555555555555555,0.8666666666666667
2019,top3_overlap,practice_time,9,27.0,19.0,20.0,0.7037037037037037,0.7407407407407408
2019,pole_overlap,practice_time,9,9.0,3.0,3.0,0.3333333333333333,0.3333333333333333
2019,rank_mae,practice_time,9,,,,2.7666666666666666,1.9000000000000001
2020,q2_overlap,practice_time,11,165.0,148.0,154.0,0.896969696969697,0.9333333333333335
2020,q3_overlap,practice_time,11,110.0,85.0,90.0,0.7727272727272727,0.818181818181818
2020,top3_overlap,practice_time,11,33.0,26.0,29.0,0.787878787878788,0.8787878787878788
2020,pole_overlap,practice_time,11,11.0,3.0,8.0,0.2727272727272727,0.7272727272727273
2020,rank_mae,practice_time,11,,,,2.8363636363636364,2.063636363636364
2021,q2_overlap,practice_time,13,195.0,172.0,178.0,0.8820512820512822,0.9128205128205129
2021,q3_overlap,practice_time,13,130.0,101.0,106.0,0.776923076923077,0.8153846153846155
2021,top3_overlap,practice_time,13,39.0,21.0,31.0,0.5384615384615384,0.7948717948717949
2021,pole_overlap,practice_time,13,13.0,3.0,6.0,0.23076923076923078,0.46153846153846156
2021,rank_mae,practice_time,13,,,,3.2076923076923074,2.376923076923077
2022,q2_overlap,practice_time,17,255.0,220.0,220.0,0.8627450980392157,0.8627450980392157
2022,q3_overlap,practice_time,17,170.0,126.0,139.0,0.7411764705882353,0.8176470588235294
2022,top3_overlap,practice_time,17,51.0,28.0,40.0,0.5490196078431372,0.784313725490196
2022,pole_overlap,practice_time,17,17.0,8.0,7.0,0.47058823529411764,0.4117647058823529
2022,rank_mae,practice_time,17,,,,3.5,2.7588235294117647
2023,q2_overlap,practice_time,12,180.0,144.0,155.0,0.8000000000000002,0.8611111111111113
2023,q3_overlap,practice_time,12,120.0,75.0,87.0,0.625,0.725
2023,top3_overlap,practice_time,12,36.0,19.0,21.0,0.5277777777777778,0.5833333333333334
2023,pole_overlap,practice_time,12,12.0,7.0,7.0,0.5833333333333334,0.5833333333333334
2023,rank_mae,practice_time,12,,,,4.608333333333334,3.683333333333333
2024,q2_overlap,practice_time,15,225.0,184.0,195.0,0.817777777777778,0.8666666666666669
2024,q3_overlap,practice_time,15,150.0,108.0,118.0,0.72,0.7866666666666667
2024,top3_overlap,practice_time,15,45.0,22.0,28.0,0.48888888888888893,0.6222222222222221
2024,pole_overlap,practice_time,15,15.0,6.0,6.0,0.4,0.4
2024,rank_mae,practice_time,15,,,,3.9999999999999996,2.94
2025,q2_overlap,practice_time,13,195.0,156.0,158.0,0.8000000000000002,0.8102564102564104
2025,q3_overlap,practice_time,13,130.0,97.0,99.0,0.7461538461538461,0.7615384615384614
2025,top3_overlap,practice_time,13,39.0,21.0,29.0,0.5384615384615384,0.7435897435897435
2025,pole_overlap,practice_time,13,13.0,4.0,4.0,0.3076923076923077,0.3076923076923077
2025,rank_mae,practice_time,13,,,,3.83076923076923,3.261538461538462
2026,q2_overlap,practice_time,8,128.0,117.0,120.0,0.9140625,0.9375
2026,q3_overlap,practice_time,8,80.0,66.0,71.0,0.825,0.8875
2026,top3_overlap,practice_time,8,24.0,16.0,12.0,0.6666666666666666,0.5
2026,pole_overlap,practice_time,8,8.0,1.0,2.0,0.125,0.25
2026,rank_mae,practice_time,8,,,,2.4431818181818183,1.7840909090909092
validation_2017_2022,q2_overlap,practice_time,73,1095.0,968.0,995.0,0.8840182648401826,0.9086757990867579
validation_2017_2022,q3_overlap,practice_time,73,730.0,555.0,607.0,0.7602739726027397,0.8315068493150685
validation_2017_2022,top3_overlap,practice_time,72,216.0,134.0,171.0,0.6203703703703703,0.7916666666666666
validation_2017_2022,pole_overlap,practice_time,72,72.0,21.0,34.0,0.2916666666666667,0.4722222222222222
validation_2017_2022,rank_mae,practice_time,72,,,,3.0999999999999996,2.2916666666666665
seen_2023_2026,q2_overlap,practice_time,48,728.0,601.0,628.0,0.8245659722222222,0.8618055555555556
seen_2023_2026,q3_overlap,practice_time,48,480.0,346.0,375.0,0.7208333333333333,0.78125
seen_2023_2026,top3_overlap,practice_time,48,144.0,78.0,90.0,0.5416666666666666,0.625
seen_2023_2026,pole_overlap,practice_time,48,48.0,18.0,19.0,0.375,0.3958333333333333
seen_2023_2026,rank_mae,practice_time,48,,,,3.8467803030303025,3.020265151515152
