season,training_years,training_cutoff,four_task_training_events,pole_training_events,pole_kind,q2_training_events,q2_kind,q3_training_events,q3_kind,top3_training_events,top3_kind,rule_driver_pace_fast,rule_driver_pace_slow,rule_driver_result,rule_beta_delta_fixed,rule_layout_pace,rule_layout_result,rule_fallback,auxiliary_teammate_pairs
2010,,2010-01-01T00:00:00+00:00,0,0,quota_prior,0,quota_prior,0,quota_prior,0,quota_prior,0.0,0.0,0.0,0.0,0.0,0.0,True,0
2011,2010–2010,2011-01-01T00:00:00+00:00,13,13,softmax,13,logistic,13,logistic,13,experimental_logistic,-0.029466525918093442,-0.04841314078394201,0.01662336300345088,0.0,0.0,0.0,False,156
2012,2010–2011,2012-01-01T00:00:00+00:00,19,19,softmax,19,logistic,19,logistic,19,experimental_logistic,-0.02261343828677095,-0.036709084458107895,-0.04606280602981929,0.0,0.01599496047371322,-0.0344507044866883,False,228
2013,2010–2012,2013-01-01T00:00:00+00:00,28,28,softmax,28,logistic,28,logistic,28,experimental_logistic,0.03477747822949858,-0.04147485344835519,-0.06991719333852332,0.0,0.08181535499870811,-0.05488300396585953,False,336
2014,2010–2013,2014-01-01T00:00:00+00:00,39,39,softmax,39,logistic,39,logistic,39,experimental_logistic,0.06646385459030535,-0.07143142365521787,-0.08522418023404225,0.0,0.10965882048491846,-0.07561694272587251,False,457
2015,2010–2014,2015-01-01T00:00:00+00:00,48,48,softmax,48,logistic,48,logistic,48,experimental_logistic,0.11044587407119322,-0.15380357333127276,-0.0024965961933613987,0.0,0.0532441054431021,-0.020104964535056183,False,551
2016,2010–2015,2016-01-01T00:00:00+00:00,55,55,softmax,55,logistic,55,logistic,55,experimental_logistic,0.10955800592814244,-0.17418733223678692,0.004120255718938758,0.0,0.08925281116655491,-0.04862657515632809,False,621
2017,2010–2016,2017-01-01T00:00:00+00:00,64,64,softmax,64,logistic,64,logistic,64,experimental_logistic,0.14745923681106082,-0.1484794144041464,-0.10359816766620142,0.0,0.04639870687660615,-0.0313363081009082,False,720
2018,2010–2017,2018-01-01T00:00:00+00:00,74,74,softmax,75,logistic,75,logistic,74,experimental_logistic,0.21454016230293987,-0.0992628853827453,-0.18881050096808052,0.0,0.02523677544638883,-0.01787747188534709,False,820
2019,2010–2018,2019-01-01T00:00:00+00:00,87,87,softmax,88,logistic,88,logistic,87,experimental_logistic,0.2553311218156189,-0.12222463575615376,-0.17075861730238395,0.0,0.01830157496246703,-0.009311571598385741,False,950
2020,2010–2019,2020-01-01T00:00:00+00:00,96,96,softmax,97,logistic,97,logistic,96,experimental_logistic,0.255753267175984,-0.12892162438945956,-0.11213957387237937,0.0,0.02771776338368215,-0.025417583693582255,False,1040
2021,2010–2020,2021-01-01T00:00:00+00:00,108,108,softmax,109,logistic,109,logistic,108,experimental_logistic,0.22418748650271061,-0.10381300800891963,-0.12581370421731336,0.0,0.02771614741422745,-0.023863714586626443,False,1160
2022,2010–2021,2022-01-01T00:00:00+00:00,121,121,softmax,122,logistic,122,logistic,121,experimental_logistic,0.21435447138168753,-0.08081549771381373,-0.11160017494200487,0.0,0.015866497860545625,-0.01738314387678506,False,1290
2023,2010–2022,2023-01-01T00:00:00+00:00,138,138,softmax,139,logistic,139,logistic,138,experimental_logistic,0.21524284056104637,-0.09406263966530605,-0.09889877072195775,0.0,0.015592175969790758,-0.0132161221724249,False,1460
2024,2010–2023,2024-01-01T00:00:00+00:00,151,151,softmax,152,logistic,152,logistic,151,experimental_logistic,0.18366852067492384,-0.07033995082560615,-0.06974789937912508,0.0,0.012204327606372384,-0.011844094261734998,False,1590
2025,2010–2024,2025-01-01T00:00:00+00:00,166,166,softmax,167,logistic,167,logistic,166,experimental_logistic,0.14449295820764266,-0.05349145698682497,-0.0316972101256996,0.0,0.01775788006911757,-0.017946536087187485,False,1740
2026,2010–2025,2026-01-01T00:00:00+00:00,179,179,softmax,180,logistic,180,logistic,179,experimental_logistic,0.1292755915726017,-0.015656746734282967,-0.05583529784635052,0.0,0.005069622982704584,-0.006104814815416492,False,1870
