scope,season,target_events,target_entrants,complete_four_events,complete_four_entrants,rank_events,q2_events,q2_entrants,q2_hits,q2_slots,q2_exact_events,q3_events,q3_entrants,q3_hits,q3_slots,q3_exact_events,top3_events,top3_entrants,top3_hits,top3_slots,top3_exact_events,pole_events,pole_entrants,pole_hits,pole_slots,pole_exact_events,score,rank_mae,q2_brier,q2_normalized_brier,q2_logloss,q2_overlap,q2_exact,q3_brier,q3_normalized_brier,q3_logloss,q3_overlap,q3_exact,top3_brier,top3_normalized_brier,top3_logloss,top3_overlap,top3_exact,pole_brier,pole_normalized_brier,pole_logloss,pole_overlap,pole_exact
from_sixth,2010,14,336,13,312,13,13,312,155,221,0,13,312,40,130,0,13,312,5,39,0,13,312,0,13,0,1.0,8.897435897435898,0.20659722222222227,1.0,0.6036372515003262,0.7013574660633484,0.0,0.24305555555555547,1.0,0.6791932659915255,0.3076923076923077,0.0,0.109375,1.0,0.3767701612564368,0.1282051282051282,0.0,0.039930555555555566,1.0,3.1780538303479604,0.0,0.0
from_sixth,2011,14,336,6,144,6,6,144,97,102,1,6,144,52,60,0,6,144,11,18,0,6,144,5,6,5,0.4175829800157524,1.513888888888889,0.044309831413631005,0.21447447810295342,0.16224747923849547,0.9509803921568628,0.16666666666666666,0.07979550201553597,0.3283014940067766,0.2828774682046668,0.8666666666666668,0.0,0.05147483805503005,0.4706270907888463,0.15895641424225543,0.611111111111111,0.0,0.026231534227052017,0.656928857164433,1.314966302408088,0.8333333333333334,0.8333333333333334
from_sixth,2012,15,360,9,216,9,9,216,147,153,3,9,216,70,90,0,9,216,17,27,1,9,216,5,9,5,0.48538070541279743,2.3703703703703702,0.041651586217028386,0.20160767782359962,0.2618078931865746,0.9607843137254901,0.3333333333333333,0.1225820965256526,0.5043377685626851,0.37298260864319466,0.7777777777777778,0.0,0.05827509580303531,0.5328008759134657,0.1920064180317878,0.6296296296296297,0.1111111111111111,0.0280622560504915,0.7027764993514394,1.4437169896273587,0.5555555555555556,0.5555555555555556
from_sixth,2013,14,308,11,242,11,11,242,162,176,3,11,242,92,110,1,11,242,21,33,2,11,242,4,11,4,0.5886803032692073,2.4132231404958677,0.09376628024918326,0.4727383295896324,0.6161112113435417,0.9204545454545454,0.2727272727272727,0.11946857313970431,0.4818565783301408,0.38647156065880034,0.8363636363636364,0.09090909090909091,0.07409772084545709,0.6291806471789688,0.2683808679480681,0.6363636363636364,0.18181818181818182,0.033450121523842656,0.7709456579780878,1.6166779526327657,0.36363636363636365,0.36363636363636365
from_sixth,2014,14,297,9,189,9,9,189,131,140,3,9,189,80,90,2,9,189,20,27,3,9,189,3,9,3,0.4719448174492364,2.0362353695687023,0.07228404518968509,0.3894556811381473,0.35974513101883004,0.9335317460317459,0.3333333333333333,0.08788063570288801,0.35442132035829765,0.2894169102655466,0.8888888888888888,0.2222222222222222,0.05129498421885506,0.4195266931877344,0.16982803030757365,0.7407407407407408,0.3333333333333333,0.032868309144623055,0.7243755751127667,1.4328685401187167,0.3333333333333333,0.3333333333333333
from_sixth,2015,14,280,7,140,7,7,140,96,105,0,7,140,57,70,0,7,140,16,21,3,7,140,5,7,5,0.43797797696305285,2.185714285714286,0.07983629886583268,0.4257935939511078,0.44471543522287055,0.9142857142857144,0.0,0.129970849075509,0.519883396302036,0.4193592669396953,0.8142857142857144,0.0,0.0446024110229298,0.3498228315523906,0.14919806366176558,0.7619047619047619,0.42857142857142855,0.02167957408721716,0.456412086046677,0.7751968531003826,0.7142857142857143,0.7142857142857143
from_sixth,2016,16,352,9,198,9,9,198,134,144,0,9,198,76,90,0,9,198,17,27,3,9,198,6,9,6,0.4770691211179108,2.2525252525252526,0.08802381692956733,0.4437867436865687,0.4049293377659966,0.9305555555555556,0.0,0.09392483259455137,0.3788301581313573,0.30057460038084993,0.8444444444444446,0.0,0.06553052699336799,0.5564346502594757,0.20169294926420647,0.6296296296296295,0.3333333333333333,0.02296223880222949,0.5292249323942415,0.9189699023639556,0.6666666666666666,0.6666666666666666
from_sixth,2017,15,300,10,200,10,11,220,154,165,1,11,220,93,110,1,10,200,22,30,2,10,200,3,10,3,0.49280259543015015,1.8599999999999999,0.07271078240050782,0.387790839469375,0.34592391459342436,0.9333333333333335,0.09090909090909091,0.10690926556350927,0.4276370622540371,0.4469824654305366,0.8454545454545456,0.09090909090909091,0.04548650065687866,0.3567568678970875,0.14042492175863933,0.7333333333333334,0.2,0.03653397493678433,0.7691363144586173,1.3569582464261263,0.3,0.3
from_sixth,2018,16,320,13,260,13,13,260,177,195,1,13,260,107,130,1,13,260,31,39,5,13,260,6,13,6,0.5672753534177877,2.369230769230769,0.1050288543348866,0.5601538897860618,0.3294589913584194,0.9076923076923078,0.07692307692307693,0.13464594381620526,0.538583775264821,0.44060248008718284,0.823076923076923,0.07692307692307693,0.052292235475953075,0.41013518020355355,0.17866789810578354,0.7948717948717948,0.38461538461538464,0.03611085699979394,0.7602285684167145,1.5140992994066407,0.46153846153846156,0.46153846153846156
from_sixth,2019,16,320,9,180,9,9,180,126,135,1,9,180,78,90,1,9,180,21,27,3,9,180,3,9,3,0.5383965822610671,1.9222222222222218,0.08294984348806227,0.44239916526966544,0.2750640063413942,0.9333333333333331,0.1111111111111111,0.1043264019453095,0.417305607781238,0.3396589686596023,0.8666666666666667,0.1111111111111111,0.050493970024896556,0.39603113745016905,0.1504723681454331,0.7777777777777778,0.3333333333333333,0.04264789488080182,0.8978504185431961,1.7119663335960125,0.3333333333333333,0.3333333333333333
from_sixth,2020,12,240,12,240,12,12,240,167,180,2,12,240,98,120,2,12,240,32,36,9,12,240,8,12,8,0.4044013372325885,2.1,0.06530992921979732,0.34831962250558574,0.311153632044379,0.9277777777777779,0.16666666666666666,0.11606200755670422,0.4642480302268169,0.3654640826328166,0.8166666666666665,0.16666666666666666,0.026960174735169578,0.21145235086407518,0.11055806782320483,0.8888888888888888,0.75,0.02819530390335911,0.5935853453338761,1.3260504646218452,0.6666666666666666,0.6666666666666666
from_sixth,2021,17,340,13,260,13,13,260,178,195,2,13,260,106,130,1,13,260,31,39,8,13,260,5,13,5,0.5403073379477269,2.3846153846153846,0.08593723283738172,0.45833190846603594,0.28032016440299207,0.9128205128205129,0.15384615384615385,0.13179826347650916,0.5271930539060367,0.40481073475336427,0.8153846153846155,0.07692307692307693,0.05564931998172561,0.43646525475863235,0.22244389415885205,0.7948717948717948,0.6153846153846154,0.035113858896359644,0.7392391346602031,1.3604776404514363,0.38461538461538464,0.38461538461538464
from_sixth,2022,17,340,17,340,17,17,340,220,255,0,17,340,139,170,1,17,340,40,51,9,17,340,9,17,9,0.5849879259770028,2.7529411764705887,0.13183645082353077,0.7031277377254974,0.40139298726006956,0.8627450980392157,0.0,0.12934892344668406,0.5173956937867362,0.4016395380062918,0.8176470588235294,0.058823529411764705,0.05194099114011443,0.4073803226675642,0.17586184797066992,0.784313725490196,0.5294117647058824,0.03382227761209014,0.7120479497282135,1.6867914235459365,0.5294117647058824,0.5294117647058824
from_sixth,2023,17,340,13,260,13,13,260,166,195,0,13,260,95,130,1,13,260,24,39,2,13,260,8,13,8,0.7146197501411456,3.661538461538461,0.15285406768815513,0.8152216943368275,0.5663076335549653,0.8512820512820513,0.0,0.18425156255810476,0.7370062502324191,0.5719462906661982,0.7307692307692307,0.07692307692307693,0.08516350861410202,0.6679490871694274,0.29698571603092955,0.6153846153846153,0.15384615384615385,0.030319343519230643,0.6383019688259082,1.2434546513009126,0.6153846153846154,0.6153846153846154
from_sixth,2024,19,380,15,300,15,15,300,195,225,1,15,300,119,150,0,15,300,28,45,0,15,300,7,15,7,0.6591341114736274,2.9066666666666663,0.1450685986610449,0.7736991928589062,0.7100097475811299,0.8666666666666668,0.06666666666666667,0.14370314170557205,0.5748125668222882,0.5239818327174786,0.7933333333333333,0.0,0.0806820899841504,0.6328007057580423,0.2656442028443053,0.6222222222222221,0.0,0.031123139071625467,0.6552239804552732,1.3146592765022715,0.4666666666666667,0.4666666666666667
from_sixth,2025,19,380,13,260,13,13,260,158,195,0,13,260,99,130,0,13,260,30,39,5,13,260,2,13,2,0.7067156312606213,3.246153846153846,0.16840944148542236,0.8981836879222526,0.5044656587647754,0.8102564102564103,0.0,0.15233165809781174,0.609326632391247,0.4570602502787126,0.7615384615384614,0.0,0.055757341560744036,0.4373124828293649,0.18140649117113913,0.769230769230769,0.38461538461538464,0.041896886790231985,0.8820397218996207,1.5704305536181435,0.15384615384615385,0.15384615384615385
from_sixth,2026,9,198,8,176,8,8,176,120,128,2,8,176,70,80,1,8,176,12,24,1,8,176,3,8,3,0.5167957797845183,1.7840909090909092,0.06538127899278018,0.32963061492193346,0.22244380633575184,0.9375,0.25,0.06841980673108373,0.27595988714870445,0.24216905728132365,0.875,0.125,0.08157610986269741,0.6926813539218517,0.2562988318701567,0.49999999999999994,0.125,0.033361852326564585,0.7689112631455839,2.2224501275040875,0.375,0.375
first_five,2010,5,120,5,120,5,5,120,58,85,0,5,120,16,50,0,5,120,1,15,0,5,120,0,5,0,1.0,9.15,0.20659722222222224,1.0,0.6036372515003262,0.6823529411764706,0.0,0.24305555555555552,1.0000000000000002,0.6791932659915257,0.32,0.0,0.109375,1.0,0.3767701612564367,0.06666666666666667,0.0,0.03993055555555555,1.0,3.17805383034796,0.0,0.0
first_five,2011,5,120,2,48,2,2,48,32,34,0,2,48,16,20,0,2,48,6,6,2,2,48,1,2,1,0.44606867733663047,2.4166666666666665,0.06588732369947156,0.31891679370500525,0.7480444186007738,0.9411764705882353,0.0,0.11622903481266397,0.47819945751496046,0.36983511336501157,0.8,0.0,0.025922627972717053,0.23700688432198447,0.0997006385494634,1.0,1.0,0.029953969092890886,0.7501515738045719,1.5194564033775788,0.5,0.5
first_five,2012,5,120,3,72,3,3,72,48,51,1,3,72,23,30,0,3,72,5,9,0,3,72,1,3,1,0.5890637000289709,2.5277777777777772,0.07592080648926962,0.3674822230068848,0.5851066567650279,0.9411764705882352,0.3333333333333333,0.12018086997489441,0.4944584364681372,0.3703127786884639,0.7666666666666666,0.0,0.061120381222394875,0.5588149140333246,0.1783881413933849,0.5555555555555555,0.0,0.037355003840231514,0.9354992266075369,2.0637897457986485,0.3333333333333333,0.3333333333333333
first_five,2013,5,110,4,88,4,4,88,63,64,3,4,88,33,40,0,4,88,4,12,0,4,88,1,4,1,0.6052434488284152,2.068181818181818,0.04110867342027071,0.20725622849386488,0.1453109248790701,0.984375,0.75,0.09554869359468514,0.3853797308318968,0.31273278893568657,0.825,0.0,0.1006933917416128,0.8550105544375544,0.29080758434329845,0.3333333333333333,0.0,0.042231142381316616,0.9733272815503448,2.8443583478960583,0.25,0.25
first_five,2014,5,110,2,44,2,2,44,30,32,0,2,44,18,20,0,2,44,4,6,0,2,44,1,2,1,0.4464205299948226,2.2272727272727275,0.06768576042101176,0.341249042122601,0.20574274690957223,0.9375,0.0,0.08397905120072377,0.33871550650958593,0.27713748783907566,0.9,0.0,0.04928579264757899,0.418496905989969,0.17039316173025537,0.6666666666666666,0.0,0.029817425563016177,0.6872206653571347,1.0828519417686981,0.5,0.5
first_five,2015,5,100,2,40,2,2,40,27,30,0,2,40,18,20,1,2,40,6,6,2,2,40,1,2,1,0.42997258659031456,1.85,0.07812984564952058,0.4166925101307764,0.2329286303440793,0.9,0.0,0.10013639682963149,0.40054558731852596,0.3252767072281698,0.9,0.5,0.023250559132686754,0.1823573265308765,0.08832016451751937,1.0,1.0,0.034214008813101285,0.7202949223810795,1.0996237417691752,0.5,0.5
first_five,2016,5,110,4,88,4,4,88,58,62,1,4,88,29,36,0,4,88,7,12,0,4,88,3,4,3,0.4973195339769477,2.3181818181818183,0.08885693890538918,0.4243894993425063,0.567735500727774,0.934375,0.25,0.09701883484092277,0.40789047364594316,0.3127529514492103,0.8062499999999999,0.0,0.06675253181451729,0.5668109718987082,0.1967833985710884,0.5833333333333333,0.0,0.02560729547816797,0.5901871910206333,1.0281857224584428,0.75,0.75
first_five,2017,5,100,5,100,5,5,100,67,75,0,5,100,40,50,0,5,100,13,15,3,5,100,2,5,2,0.5993224377643083,2.44,0.13810342890512195,0.7365516208273171,0.47687890889470036,0.8933333333333333,0.0,0.13384545248807175,0.535381809952287,0.41422790701405504,0.8,0.0,0.03638548577007282,0.2853763589809633,0.12481037308045007,0.8666666666666666,0.6,0.03989904816159161,0.8399799612966653,1.5146295750540142,0.4,0.4
first_five,2018,5,100,3,60,3,3,60,39,45,0,3,60,24,30,0,3,60,6,9,0,3,60,2,3,2,0.5799818540043957,2.733333333333333,0.11430326989526608,0.6096174394414191,0.7636077921396421,0.8666666666666666,0.0,0.14754041174129875,0.590161646965195,0.4998132148941874,0.7999999999999999,0.0,0.06642331570542732,0.5209671820033516,0.2087675817753957,0.6666666666666666,0.0,0.02846110451136182,0.5991811476076173,1.179387906582843,0.6666666666666666,0.6666666666666666
first_five,2019,5,100,3,60,3,3,60,41,45,0,3,60,23,30,0,3,60,7,9,1,3,60,2,3,2,0.5499276930067585,2.4,0.10140143547293912,0.5408076558556753,0.34743647549989115,0.9111111111111111,0.0,0.1393446566266563,0.5573786265066252,0.41707324048832395,0.7666666666666666,0.0,0.04489682643634266,0.3521319720497464,0.145204622586561,0.7777777777777777,0.3333333333333333,0.03559614458671188,0.7493925176149868,1.408293490674984,0.6666666666666666,0.6666666666666666
first_five,2020,5,100,5,100,5,5,100,70,75,1,5,100,42,50,1,5,100,12,15,2,5,100,1,5,1,0.5346432857521973,2.08,0.08013478246869962,0.42738550649973134,0.5029350518353266,0.9333333333333333,0.2,0.11599273488260656,0.46397093953042623,0.3582007896185426,0.8400000000000001,0.2,0.06097862143747035,0.478263697548787,0.22140089074565905,0.7999999999999999,0.4,0.03652526747291763,0.7689529994298447,1.2450615641822655,0.2,0.2
first_five,2021,5,100,3,60,3,3,60,39,45,0,3,60,25,30,0,3,60,9,9,3,3,60,2,3,2,0.49602016683261607,2.2666666666666666,0.11791622008915636,0.6288865071421671,0.4434201318052091,0.8666666666666667,0.0,0.1160902505986454,0.4643610023945816,0.3718607502275575,0.8333333333333334,0.0,0.023730029456184146,0.18611787808771876,0.0983056090208211,1.0,1.0,0.03347397578603486,0.7047152797059969,1.3857461679419771,0.6666666666666666,0.6666666666666666
first_five,2022,5,100,1,20,1,1,20,13,15,0,1,20,8,10,0,1,20,2,3,0,1,20,0,1,0,0.6458909104344036,2.7,0.1489029665613119,0.7941491549936636,0.4540913924777967,0.8666666666666667,0.0,0.11222930076270696,0.44891720305082783,0.3792182550794692,0.8,0.0,0.05095337627587163,0.39963432373232655,0.17596106368452377,0.6666666666666666,0.0,0.04469099059813783,0.9408629599607964,1.7601930343839,0.0,0.0
first_five,2023,5,100,2,40,2,2,40,25,30,0,2,40,14,20,0,2,40,3,6,0,2,40,1,2,1,0.758436906848382,3.4000000000000004,0.15540530137497333,0.8288282739998576,0.48776107450699113,0.8333333333333334,0.0,0.13732552472840462,0.5493020989136185,0.41560101923583903,0.7,0.0,0.10222205088297212,0.8017415755527226,0.3087786766719306,0.5,0.0,0.04055909474904815,0.8538756789273293,1.586029206735177,0.5,0.5
first_five,2024,5,99,4,79,4,4,79,54,60,1,4,79,37,40,2,4,79,6,12,0,4,79,4,4,4,0.4842462056298365,2.2026315789473685,0.11529882230370704,0.6336016697398889,0.3543586585454007,0.8999999999999999,0.25,0.07598854865695906,0.3041113739794628,0.2756423271897806,0.925,0.5,0.09315845596396186,0.7233480159559676,0.2800927172279468,0.5,0.0,0.013218160700422501,0.27592376284402687,0.6398184878735533,1.0,1.0
first_five,2025,5,100,4,80,4,4,80,55,60,0,4,80,33,40,0,4,80,8,12,0,4,80,0,4,0,0.6089185254082593,2.65,0.08656756388649094,0.461693674061285,0.2756459822107248,0.9166666666666667,0.0,0.10823823521140649,0.43295294084562597,0.3503950037197904,0.8250000000000001,0.0,0.061647801994031,0.4835121725022039,0.18953922580258253,0.6666666666666666,0.0,0.05023197742563631,1.0575153142239224,2.1184635373820537,0.0,0.0
first_five,2026,5,110,3,66,3,3,66,44,48,0,3,66,24,30,0,3,66,6,9,0,3,66,1,3,1,0.5696432133638341,2.1515151515151514,0.08726460101475086,0.4399590301160356,0.2895172920314309,0.9166666666666666,0.0,0.11563251079843827,0.4663844602203677,0.37203006316663584,0.8000000000000002,0.0,0.054023441494463885,0.45872536286527227,0.17507067300397727,0.6666666666666666,0.0,0.039635504143237334,0.9135040002536604,1.8136893150135516,0.3333333333333333,0.3333333333333333
all_events,2010,19,456,18,432,18,18,432,213,306,0,18,432,56,180,0,18,432,6,54,0,18,432,0,18,0,1.0,8.967592592592593,0.2065972222222222,1.0,0.6036372515003261,0.6960784313725489,0.0,0.2430555555555555,1.0,0.6791932659915256,0.31111111111111117,0.0,0.109375,1.0,0.37677016125643675,0.1111111111111111,0.0,0.03993055555555555,1.0,3.178053830347961,0.0,0.0
all_events,2011,19,456,8,192,8,8,192,129,136,1,8,192,68,80,0,8,192,17,24,2,8,192,6,8,6,0.42470440434597184,1.7395833333333333,0.04970420448509114,0.24058505700346638,0.308696714079065,0.9485294117647058,0.125,0.08890388521481796,0.36577598488382257,0.304616879494753,0.8500000000000001,0.0,0.045086785534451806,0.4122220391721308,0.1441424703190574,0.7083333333333334,0.25,0.027162142943511734,0.6802345363244678,1.3660888276504606,0.75,0.75
all_events,2012,20,480,12,288,12,12,288,195,204,4,12,288,93,120,0,12,288,22,36,1,12,288,6,12,6,0.5113014540668409,2.4097222222222223,0.0502188912850887,0.24307631411942096,0.3426325840811879,0.9558823529411765,0.3333333333333333,0.12198178988796304,0.501867935539048,0.372315151154512,0.775,0.0,0.058986417157875205,0.5393043854434305,0.18860184887218712,0.6111111111111112,0.08333333333333333,0.030385442997926507,0.7609571811654637,1.5987351786701811,0.5,0.5
all_events,2013,19,418,15,330,15,15,330,225,240,6,15,330,125,150,1,15,330,25,45,2,15,330,5,15,5,0.5930971420849962,2.3212121212121213,0.07972425176147327,0.4019431026307611,0.49056446828634936,0.9375,0.4,0.11308993859436588,0.45612941899727577,0.36680788819930327,0.8333333333333334,0.06666666666666667,0.08118989975109861,0.6894019557812584,0.2743613256534629,0.5555555555555555,0.13333333333333333,0.03579172708583571,0.8249140909306898,1.9440593913696438,0.3333333333333333,0.3333333333333333
all_events,2014,19,407,11,233,11,11,233,161,172,3,11,233,98,110,2,11,233,24,33,3,11,233,4,11,4,0.4673040379120703,2.0709694346057983,0.07144799341356266,0.3806908376807753,0.33174469754441954,0.9342532467532468,0.2727272727272727,0.08717125670249452,0.35156571784034996,0.2871842880061882,0.890909090909091,0.18181818181818182,0.05092967666044123,0.419339459151777,0.16993078147533397,0.7272727272727273,0.2727272727272727,0.03231360303887635,0.7176201369753791,1.3692291586005316,0.36363636363636365,0.36363636363636365
all_events,2015,19,380,9,180,9,9,180,123,135,0,9,180,75,90,1,9,180,22,27,5,9,180,6,9,6,0.43619900132466655,2.111111111111111,0.07945708703998555,0.42377113087992296,0.3976517008053614,0.9111111111111112,0.0,0.12334097079864732,0.4933638831945893,0.3984520314482452,0.8333333333333334,0.1111111111111111,0.039857555047320234,0.312608274880943,0.13566964162971085,0.8148148148148148,0.5555555555555556,0.02446500402630252,0.5150527163432109,0.8472917172490031,0.6666666666666666,0.6666666666666666
all_events,2016,21,462,13,286,13,13,286,192,206,1,13,286,105,126,0,13,286,24,39,3,13,286,9,13,9,0.48330001738222994,2.2727272727272725,0.08828016215289715,0.4378183608114726,0.45502354175423587,0.9317307692307693,0.07692307692307693,0.09487683328574258,0.38777179367430686,0.30432178532496085,0.8326923076923077,0.0,0.06590652847679854,0.5596273646100088,0.2001823182817086,0.6153846153846154,0.23076923076923078,0.023776102394825947,0.5479825504331314,0.9525747700853362,0.6923076923076923,0.6923076923076923
all_events,2017,20,400,15,300,15,16,320,221,240,1,16,320,133,160,1,15,300,35,45,5,15,300,5,15,5,0.5283092095415362,2.0533333333333332,0.09314598443319974,0.49677858364373195,0.3868473503125731,0.9208333333333334,0.0625,0.11532682397743506,0.46130729590974023,0.43674666592538613,0.83125,0.0625,0.04245282902794338,0.3329633649250461,0.1352200721992429,0.7777777777777778,0.3333333333333333,0.03765566601172009,0.7927508634046332,1.4095153559687559,0.3333333333333333,0.3333333333333333
all_events,2018,21,420,16,320,16,16,320,216,240,1,16,320,131,160,1,16,320,37,48,5,16,320,8,16,8,0.5696578222777768,2.4375,0.10676780725245774,0.5694283053464414,0.4108618915048986,0.9000000000000001,0.0625,0.13706365655216027,0.5482546262086411,0.4517044928634962,0.8187500000000002,0.0625,0.0549418130189795,0.43091618054101566,0.18431158879383577,0.7708333333333331,0.3125,0.03467652840821292,0.7300321770150087,1.4513409132521786,0.5,0.5
all_events,2019,21,420,12,240,12,12,240,167,180,1,12,240,101,120,1,12,240,28,36,4,12,240,5,12,5,0.54127935994749,2.0416666666666665,0.08756274148428149,0.46700128791616785,0.29315712363101837,0.9277777777777777,0.08333333333333333,0.11308096561564618,0.4523238624625847,0.35901253661678273,0.8416666666666668,0.08333333333333333,0.049094684127758074,0.38505634610006334,0.1491554317557151,0.7777777777777778,0.3333333333333333,0.040884957307279333,0.8607359433111438,1.6360481228657555,0.4166666666666667,0.4166666666666667
all_events,2020,17,340,17,340,17,17,340,237,255,3,17,340,140,170,3,17,340,44,51,11,17,340,9,17,9,0.4427077926795322,2.0941176470588236,0.06967018017535684,0.37157429426856975,0.36755993198289305,0.9294117647058824,0.17647058823529413,0.11604163324079313,0.4641665329631725,0.3633278199815595,0.8235294117647058,0.17647058823529413,0.03696560023584628,0.2899262763595786,0.1431588980945149,0.8627450980392156,0.6470588235294118,0.030645293188523375,0.6451640671268078,1.3022301997866748,0.5294117647058824,0.5294117647058824
all_events,2021,22,440,16,320,16,16,320,217,240,2,16,320,131,160,1,16,320,40,48,11,16,320,7,16,7,0.5320034933636436,2.3625,0.09193329294708946,0.49031089571781056,0.31090140829090773,0.9041666666666668,0.125,0.1288530110619097,0.5154120442476388,0.39863261265477545,0.8187500000000001,0.0625,0.049664453008186595,0.38952512163283604,0.19916796569547124,0.8333333333333333,0.6875,0.03480638081317375,0.7327659118562894,1.3652154893559127,0.4375,0.4375
all_events,2022,22,440,18,360,18,18,360,233,270,0,18,360,147,180,1,18,360,42,54,9,18,360,9,18,9,0.5883714251135252,2.7499999999999996,0.1327845905867408,0.7081844831292846,0.4043206764388322,0.8629629629629632,0.0,0.12839783329757426,0.513591333190297,0.4003939111770239,0.8166666666666668,0.05555555555555555,0.05188612364765651,0.40694998939338434,0.17586735995477293,0.7777777777777779,0.5,0.0344260950002039,0.7247598947411347,1.6908692908147123,0.5,0.5
all_events,2023,22,440,15,300,15,15,300,191,225,0,15,300,109,150,1,15,300,27,45,2,15,300,9,15,9,0.7204620377021105,3.6266666666666665,0.1531942321797309,0.8170359049585648,0.5558347590152354,0.848888888888889,0.0,0.17799475751414476,0.711979030056579,0.5511002544754836,0.7266666666666667,0.06666666666666667,0.087437980916618,0.6857880856205334,0.29855811078306294,0.5999999999999999,0.13333333333333333,0.03168464368320631,0.6670451301727645,1.2891312586921477,0.6,0.6
all_events,2024,24,479,19,379,19,19,379,249,285,2,19,379,156,190,2,19,379,34,57,0,19,379,11,19,11,0.6223156049801978,2.7584487534626034,0.13880127732265798,0.7442049774654288,0.6351358340999237,0.8736842105263158,0.10526315789473684,0.12944743790586405,0.5178228420132723,0.4716998315537526,0.8210526315789474,0.10526315789473684,0.08330869334832124,0.6518632973786581,0.2686859953461246,0.5964912280701754,0.0,0.027353669940845895,0.5753713030634318,1.1725875315278045,0.5789473684210527,0.5789473684210527
all_events,2025,24,480,17,340,17,17,340,213,255,0,17,340,132,170,0,17,340,38,51,5,17,340,2,17,2,0.6837045475306537,3.1058823529411765,0.14915252910920318,0.7954801552490837,0.4506257348697047,0.8352941176470589,0.0,0.14195673506571638,0.5678269402628655,0.43196254520602495,0.776470588235294,0.0,0.057143332250929206,0.4481829980465035,0.1833200757903023,0.7450980392156862,0.29411764705882354,0.0438580845867977,0.9233280965641624,1.6993794909743578,0.11764705882352941,0.11764705882352941
all_events,2026,14,308,11,242,11,11,242,164,176,2,11,242,94,110,1,11,242,18,33,1,11,242,4,11,4,0.5312087162152408,1.884297520661157,0.07134945772604492,0.35972018270214323,0.2407365751618461,0.9318181818181818,0.18181818181818182,0.08129599874945316,0.3278938616227945,0.27758569525004523,0.8545454545454547,0.09090909090909091,0.07406174576227008,0.6288751745427845,0.23414569763392593,0.5454545454545454,0.09090909090909091,0.03507284827656625,0.8083456459932411,2.1109699059157596,0.36363636363636365,0.36363636363636365
from_sixth_raw_probabilities,2010,14,336,13,312,13,13,312,155,221,0,13,312,40,130,0,13,312,5,39,0,13,312,0,13,0,1.0,8.897435897435898,0.20659722222222227,1.0,0.6036372515003262,0.7013574660633484,0.0,0.2430555555555555,1.0000000000000002,0.6791932659915256,0.3076923076923077,0.0,0.109375,1.0,0.3767701612564368,0.1282051282051282,0.0,0.03993055555555557,1.0000000000000002,3.178053830347946,0.0,0.0
from_sixth_raw_probabilities,2011,14,336,6,144,6,6,144,97,102,1,6,144,52,60,0,6,144,11,18,0,6,144,5,6,5,0.41780770282810065,1.513888888888889,0.044469880465106026,0.21524916931009305,0.1623237382927644,0.9509803921568628,0.16666666666666666,0.07981908988902484,0.32839854125770224,0.2824723841303528,0.8666666666666668,0.0,0.05147339580021625,0.47061390445912,0.15890823629241985,0.611111111111111,0.0,0.026233144990566327,0.6569691962854872,1.3156291911962839,0.8333333333333334,0.8333333333333334
from_sixth_raw_probabilities,2012,15,360,9,216,9,9,216,147,153,3,9,216,70,90,0,9,216,17,27,1,9,216,5,9,5,0.4861368773709969,2.3703703703703702,0.042156444275432074,0.20405136052646117,0.1569737850500574,0.9607843137254901,0.3333333333333333,0.12272331081440943,0.5049187644935702,0.37512986427469425,0.7777777777777778,0.0,0.05827509545338524,0.532800872716665,0.1920058011683543,0.6296296296296297,0.1111111111111111,0.02806225654546476,0.7027765117472915,1.4437329308691993,0.5555555555555556,0.5555555555555556
from_sixth_raw_probabilities,2013,14,308,11,242,11,11,242,162,176,3,11,242,92,110,1,11,242,21,33,2,11,242,4,11,4,0.5922870977268835,2.4132231404958677,0.09620895792213952,0.48505349619078686,0.3426658125983365,0.9204545454545454,0.2727272727272727,0.11999221221883732,0.4839685892826438,0.3810661199559897,0.8363636363636364,0.09090909090909091,0.07409772082950668,0.6291806470435304,0.2683718354357925,0.6363636363636364,0.18181818181818182,0.033450121541739736,0.7709456583905729,1.6166786933792772,0.36363636363636365,0.36363636363636365
from_sixth_raw_probabilities,2014,14,297,9,189,9,9,189,131,140,3,9,189,80,90,2,9,189,20,27,3,9,189,3,9,3,0.4768019544369083,2.0362353695687023,0.07355688453848352,0.39634322563267277,0.24657055971509845,0.9335317460317459,0.3333333333333333,0.08963134161948265,0.36150847070645764,0.2930432878553828,0.8888888888888888,0.2222222222222222,0.05182388625538067,0.4240177210881911,0.18669447466744402,0.7407407407407408,0.3333333333333333,0.03291008464882409,0.7253384003203119,1.4341358922708594,0.3333333333333333,0.3333333333333333
from_sixth_raw_probabilities,2015,14,280,7,140,7,7,140,96,105,0,7,140,57,70,0,7,140,16,21,3,7,140,5,7,5,0.4411824664705703,2.185714285714286,0.07993148975524575,0.4263012786946439,0.3157176875099731,0.9142857142857144,0.0,0.13304840162130652,0.5321936064852261,0.40562717549601895,0.8142857142857144,0.0,0.04460240853527086,0.3498228120413401,0.14919705702793595,0.7619047619047619,0.42857142857142855,0.021679578011400885,0.45641216866107126,0.7752012200172859,0.7142857142857143,0.7142857142857143
from_sixth_raw_probabilities,2016,16,352,9,198,9,9,198,134,144,0,9,198,76,90,0,9,198,17,27,3,9,198,6,9,6,0.47909792754049985,2.2525252525252526,0.08939739733519911,0.45071187823162884,0.30305145876385886,0.9305555555555556,0.0,0.09421973547353263,0.3800195997432482,0.2999121252052493,0.8444444444444446,0.0,0.06553048683757522,0.5564343092874808,0.20169059868022166,0.6296296296296295,0.3333333333333333,0.02296228177870345,0.5292259228996414,0.9189867377044914,0.6666666666666666,0.6666666666666666
from_sixth_raw_probabilities,2017,15,300,10,200,10,11,220,154,165,1,11,220,93,110,1,10,200,22,30,2,10,200,3,10,3,0.49722242431387453,1.8599999999999999,0.07311242439935761,0.38993293012990726,0.24989264454407875,0.9333333333333335,0.09090909090909091,0.11108045892319035,0.4443218356927614,0.34182979755561244,0.8454545454545456,0.09090909090909091,0.04548647823112847,0.3567566920088507,0.14042136579703177,0.7333333333333334,0.2,0.03653403880393836,0.7691376590302813,1.3570195909961247,0.3,0.3
from_sixth_raw_probabilities,2018,16,320,13,260,13,13,260,177,195,1,13,260,107,130,1,13,260,31,39,5,13,260,6,13,6,0.5707083768709567,2.369230769230769,0.10618838250327925,0.5663380400174893,0.3302832484332215,0.9076923076923078,0.07692307692307693,0.1369084554659124,0.5476338218636496,0.42613365698776706,0.823076923076923,0.07692307692307693,0.05259746898121882,0.41252916848014765,0.17926012161770016,0.7948717948717948,0.38461538461538464,0.03592579266332066,0.75633247712254,1.5029726432645396,0.46153846153846156,0.46153846153846156
from_sixth_raw_probabilities,2019,16,320,9,180,9,9,180,126,135,1,9,180,78,90,1,9,180,21,27,3,9,180,3,9,3,0.5399958429149818,1.9222222222222218,0.0829518159839559,0.44240968524776475,0.28691064084646434,0.9333333333333331,0.1111111111111111,0.10592303259990422,0.4236921303996169,0.336545195062237,0.8666666666666667,0.1111111111111111,0.05049397002407237,0.39603113744370483,0.15047234444004168,0.7777777777777778,0.3333333333333333,0.04264789488201995,0.8978504185688408,1.711966956947705,0.3333333333333333,0.3333333333333333
from_sixth_raw_probabilities,2020,12,240,12,240,12,12,240,167,180,2,12,240,98,120,2,12,240,32,36,9,12,240,8,12,8,0.40594565917048914,2.1,0.06528600285238892,0.3481920152127409,0.21887752745628253,0.9277777777777779,0.16666666666666666,0.11763820993954105,0.4705528397581642,0.36978942718414176,0.8166666666666665,0.16666666666666666,0.02696017101642249,0.21145232169743125,0.11055696310066737,0.8888888888888888,0.75,0.028195309350646968,0.5935854600136203,1.3260577762485155,0.6666666666666666,0.6666666666666666
from_sixth_raw_probabilities,2021,17,340,13,260,13,13,260,178,195,2,13,260,106,130,1,13,260,31,39,8,13,260,5,13,5,0.5409950517089267,2.3846153846153846,0.08621512113608419,0.4598139793924489,0.2925022549711501,0.9128205128205129,0.15384615384615385,0.13211545926469806,0.5284618370587922,0.40469245894606826,0.8153846153846155,0.07692307692307693,0.05564931991697759,0.43646525425080457,0.2224429916875309,0.7948717948717948,0.6153846153846154,0.035113858966348895,0.7392391361336609,1.3604786530095399,0.38461538461538464,0.38461538461538464
from_sixth_raw_probabilities,2022,17,340,17,340,17,17,340,220,255,0,17,340,139,170,1,17,340,40,51,9,17,340,9,17,9,0.5872725649784999,2.7529411764705887,0.1324283625061519,0.70628460003281,0.4035784704879423,0.8627450980392157,0.0,0.13084433615904367,0.5233773446361747,0.4107480286243794,0.8176470588235294,0.058823529411764705,0.05194098966306647,0.4073803110828743,0.17586036630184673,0.784313725490196,0.5294117647058824,0.03382228019770168,0.7120480041621406,1.6868042842050515,0.5294117647058824,0.5294117647058824
from_sixth_raw_probabilities,2023,17,340,13,260,13,13,260,166,195,0,13,260,95,130,1,13,260,24,39,2,13,260,8,13,8,0.71876971505291,3.661538461538461,0.15566216939212413,0.8301982367579952,0.5094520031948402,0.8512820512820513,0.0,0.18521601111894184,0.7408640444757674,0.5612191994766816,0.7307692307692307,0.07692307692307693,0.0848783064824813,0.6657122077057358,0.29602111008238857,0.6153846153846153,0.15384615384615385,0.030319457635426737,0.6383043712721417,1.2435068731911139,0.6153846153846154,0.6153846153846154
from_sixth_raw_probabilities,2024,19,380,15,300,15,15,300,195,225,1,15,300,119,150,0,15,300,28,45,0,15,300,7,15,7,0.661954837405466,2.9066666666666663,0.14600658434495525,0.7787017831730946,0.4880430605023734,0.8666666666666668,0.06666666666666667,0.14420610557927857,0.5768244223171143,0.4452890912119873,0.7933333333333333,0.0,0.0810444597010782,0.6356428211849269,0.26748275122354664,0.6222222222222221,0.0,0.031190890339969593,0.6566503229467283,1.317524321317865,0.4666666666666667,0.4666666666666667
from_sixth_raw_probabilities,2025,19,380,13,260,13,13,260,158,195,0,13,260,99,130,0,13,260,30,39,5,13,260,2,13,2,0.7083182385135219,3.246153846153846,0.16905446454136394,0.9016238108872744,0.5176146663222846,0.8102564102564103,0.0,0.15307422853958783,0.6122969141583513,0.46161193944346973,0.7615384615384614,0.0,0.055757340443987315,0.43731247407048873,0.18140585048481167,0.769230769230769,0.38461538461538464,0.041896888359553734,0.8820397549379734,1.5704344195943163,0.15384615384615385,0.15384615384615385
from_sixth_raw_probabilities,2026,9,198,8,176,8,8,176,120,128,2,8,176,70,80,1,8,176,12,24,1,8,176,3,8,3,0.5175869808758751,1.7840909090909092,0.06589719297029797,0.33223168122525226,0.2248666933844703,0.9375,0.25,0.06855957421415028,0.2765236159970728,0.24278423057695142,0.875,0.125,0.08157610929106608,0.6926813490679997,0.2562980659643188,0.49999999999999994,0.125,0.03336185293693529,0.7689112772131753,2.222496135648315,0.375,0.375
